https://www.s-kaupat.fi/tuote/paulig-mundo-luomu-kahvi-suodatinjauhatus-500g/6411300164448;Premium
https://www.s-kaupat.fi/tuote/fazer-alku-kotipuutarhamysli-375-g/6413467309205;Premium
https://www.s-kaupat.fi/tuote/suomalainen-luomu-mansikkarasia-250g/6414140005834;Premium
https://www.s-kaupat.fi/tuote/banaani-luomu-reilun-kaupan/2000503700009;Premium
https://www.s-kaupat.fi/tuote/rainbow-vihrea-siemeneton-viinirypale-500-g/6414894500609;Premium
https://www.s-kaupat.fi/tuote/porkkanapussi-luomu-500-g/6415350000718;Premium
https://www.s-kaupat.fi/tuote/kurkku-luomu-240g/6415350016344;Premium
https://www.s-kaupat.fi/tuote/nams-terttutomaatti-500g-suomi/6430064550007;Premium
https://www.s-kaupat.fi/tuote/annabelle/2001251300008;Premium
https://www.s-kaupat.fi/tuote/valio-hedelmatarhar-luomuomenataysmehu-1-l/6408430690190;Premium
https://www.s-kaupat.fi/tuote/heinz-valkoisia-papuja-tomaattikastikkeessa-415g/5000157024671;Premium
https://www.s-kaupat.fi/tuote/rainbow-175g-kuivapaahdetut-ja-maustetut-maapahkinat/7340011457381;Premium
https://www.s-kaupat.fi/tuote/premium-lohifilee/2000141500009;Premium
https://www.s-kaupat.fi/tuote/atria-rotukarjan-naudan-jauheliha-12-300g/6407840044265;Premium
https://www.s-kaupat.fi/tuote/kariniemen-kananpojan-fileesuikale-maustamaton-400-g/6409100025212;Premium
https://www.s-kaupat.fi/tuote/juustoportti-vapaan-lehman-rasvaton-maito-1-l/6408653125608;Premium
https://www.s-kaupat.fi/tuote/kultamuna-luomu-kananmuna-ml10-630g/6431000000525;Premium
https://www.s-kaupat.fi/tuote/paulig-juhla-mokka-kahvi-suodatinjauhatus-500g/6411300000494;Middleclass
https://www.s-kaupat.fi/tuote/axa-musli-gold-original-750-g/5701029160823;Middleclass
https://www.s-kaupat.fi/tuote/makoisat-maanmainiot-mansikka-400g-suomi-1lk-vilppulan-tila/6430012550622;Middleclass
https://www.s-kaupat.fi/tuote/chiquita-banaani/2000503600002;Middleclass
https://www.s-kaupat.fi/tuote/rainbow-vihrea-siemeneton-viinirypale-500-g/6414894500609;Middleclass
https://www.s-kaupat.fi/tuote/porkkanapussi-luomu-500-g/6415350000718;Middleclass
https://www.s-kaupat.fi/tuote/kurkku-suomi/2000639900007;Middleclass
https://www.s-kaupat.fi/tuote/ikaalisten-luomu-luomutomaatti-suomi/2000614500000;Middleclass
https://www.s-kaupat.fi/tuote/kotimaista-1kg-peruna-siikli/6414893388116;Middleclass
https://www.s-kaupat.fi/tuote/rainbow-omenataysmehu-1l/6415718072043;Middleclass
https://www.s-kaupat.fi/tuote/rainbow-valkoiset-pavut-tomaattikastikkeessa-390-g/7340191108851;Middleclass
https://www.s-kaupat.fi/tuote/salliselta-maapahkina-250g/6436501000210;Middleclass
https://www.s-kaupat.fi/tuote/sjo-lohifilee-n1kg-ruodoton-800-1200g-vac-n5kg/239303190000;Middleclass
https://www.s-kaupat.fi/tuote/atria-parempi-nauta-jauheliha-10-400g/6407840041172;Middleclass
https://www.s-kaupat.fi/tuote/kotimaista-maustamaton-kanan-fileesuikale-300-g/6414891801020;Middleclass
https://www.s-kaupat.fi/tuote/valio-vapaan-lehman-rasvaton-maito-1-l/6408430000104;Middleclass
https://www.s-kaupat.fi/tuote/kotimaista-vapaa-iso-kananmuna-l15-1020-g/6438460328329;Middleclass
https://www.s-kaupat.fi/tuote/xtra-suodatinkahvi-keskipaahtoinen-500-g/7340191139435;Budget
https://www.s-kaupat.fi/tuote/rainbow-725g-muromysli-jogurtti-mansikka/6415712003531;Budget
https://www.s-kaupat.fi/tuote/rainbow-500g-mansikka-pakaste/6414893104792;Budget
https://www.s-kaupat.fi/tuote/chiquita-banaani/2000503600002;Budget
https://www.s-kaupat.fi/tuote/rainbow-vihrea-siemeneton-viinirypale-500-g/6414894500609;Budget
https://www.s-kaupat.fi/tuote/kotimaista-suomalainen-porkkana-1-kg/6414894501231;Budget
https://www.s-kaupat.fi/tuote/kurkku-suomi/2000639900007;Budget
https://www.s-kaupat.fi/tuote/tomaatti-suomi/2000639800000;Budget
https://www.s-kaupat.fi/tuote/kotimaista-yleisperuna-2-kg/6414894501217;Budget
https://www.s-kaupat.fi/tuote/xtra-omenamehu-1l/7340011468462;Budget
https://www.s-kaupat.fi/tuote/xtra-valkoisia-papuja-tomaattikastikkeessa-420-g/7340011340041;Budget
https://www.s-kaupat.fi/tuote/rainbow-1kg-natural-peanuts-maapahkina/7340011452362;Budget
https://www.s-kaupat.fi/tuote/norjanlohi-kokonainen/2004594900003;Budget
https://www.s-kaupat.fi/tuote/xtra-naudan-jauheliha-400g-rasvaa-10/6438460817731;Budget
https://www.s-kaupat.fi/tuote/kotimaista-kanan-fileesuikale-hunaja-800-g/6414891801204;Budget
https://www.s-kaupat.fi/tuote/valio-hyva-suomalainen-arkir-rasvaton-maitojuoma-1-l/6408430000432;Budget
https://www.s-kaupat.fi/tuote/xtra-kananmunat-m15-855-g/6414891802478;Budget
